[
  { "latitute": 12.927762, "longitude": 80.198328 },
  { "latitute": 12.928483, "longitude": 80.200206 },
  { "latitute": 12.928828, "longitude": 80.202566 },
  { "latitute": 12.930968, "longitude": 80.203011 },
  { "latitute": 12.933174, "longitude": 80.203698 },
  { "latitute": 12.935506, "longitude": 80.204234 },
  { "latitute": 12.93834, "longitude": 80.204964 },
  { "latitute": 12.940714, "longitude": 80.205812 },
  { "latitute": 12.943077, "longitude": 80.207561 },
  { "latitute": 12.945691, "longitude": 80.208806 },
  { "latitute": 12.948326, "longitude": 80.209965 },
  { "latitute": 12.951442, "longitude": 80.21107 },
  { "latitute": 12.954108, "longitude": 80.212121 },
  { "latitute": 12.956837, "longitude": 80.213258 },
  { "latitute": 12.959859, "longitude": 80.214406 },
  { "latitute": 12.962943, "longitude": 80.21564 },
  { "latitute": 12.96609, "longitude": 80.216938 },
  { "latitute": 12.969017, "longitude": 80.21815 },
  { "latitute": 12.971066, "longitude": 80.218933 }
]
