[
  { "latitute": 12.924945, "longitude": 80.100108 },
  { "latitute": 12.925494, "longitude": 80.101267 },
  { "latitute": 12.925729, "longitude": 80.102737 },
  { "latitute": 12.925572, "longitude": 80.104196 },
  { "latitute": 12.925823, "longitude": 80.105585 },
  { "latitute": 12.925718, "longitude": 80.10691 },
  { "latitute": 12.925488, "longitude": 80.108197 },
  { "latitute": 12.925148, "longitude": 80.110128 },
  { "latitute": 12.924918, "longitude": 80.111582 },
  { "latitute": 12.924719, "longitude": 80.112789 },
  { "latitute": 12.924505, "longitude": 80.114087 },
  { "latitute": 12.924327, "longitude": 80.115165 },
  { "latitute": 12.92416, "longitude": 80.115653 },
  { "latitute": 12.923784, "longitude": 80.116994 },
  { "latitute": 12.923496, "longitude": 80.118292 },
  { "latitute": 12.923433, "longitude": 80.119494 },
  { "latitute": 12.923302, "longitude": 80.121103 },
  { "latitute": 12.923213, "longitude": 80.122884 },
  { "latitute": 12.923135, "longitude": 80.124644 },
  { "latitute": 12.923062, "longitude": 80.126457 },
  { "latitute": 12.922947, "longitude": 80.128018 },
  { "latitute": 12.922816, "longitude": 80.129874 },
  { "latitute": 12.922816, "longitude": 80.131558 },
  { "latitute": 12.922732, "longitude": 80.133505 },
  { "latitute": 12.922622, "longitude": 80.135576 },
  { "latitute": 12.922559, "longitude": 80.137518 },
  { "latitute": 12.922449, "longitude": 80.139406 },
  { "latitute": 12.922491, "longitude": 80.141589 },
  { "latitute": 12.922564, "longitude": 80.143606 },
  { "latitute": 12.922637, "longitude": 80.145881 },
  { "latitute": 12.922668, "longitude": 80.147887 },
  { "latitute": 12.922731, "longitude": 80.14999 },
  { "latitute": 12.922846, "longitude": 80.152141 },
  { "latitute": 12.923259, "longitude": 80.154002 },
  { "latitute": 12.923735, "longitude": 80.15588 },
  { "latitute": 12.923573, "longitude": 80.158069 },
  { "latitute": 12.923306, "longitude": 80.160317 },
  { "latitute": 12.922605, "longitude": 80.162522 },
  { "latitute": 12.921832, "longitude": 80.164984 },
  { "latitute": 12.920974, "longitude": 80.167698 },
  { "latitute": 12.919991, "longitude": 80.170799 },
  { "latitute": 12.918924, "longitude": 80.174586 },
  { "latitute": 12.918317, "longitude": 80.177944 },
  { "latitute": 12.91953, "longitude": 80.180809 },
  { "latitute": 12.920387, "longitude": 80.183877 },
  { "latitute": 12.919854, "longitude": 80.186667 },
  { "latitute": 12.917804, "longitude": 80.189092 },
  { "latitute": 12.917365, "longitude": 80.192472 }
]
